{
  "HTTP Request-1" : {
    "transaction" : "HTTP Request-1",
    "sampleCount" : 10919,
    "errorCount" : 0,
    "errorPct" : 0.0,
    "meanResTime" : 1.6549134536129582,
    "minResTime" : 0.0,
    "maxResTime" : 26.0,
    "pct1ResTime" : 2.0,
    "pct2ResTime" : 3.0,
    "pct3ResTime" : 5.0,
    "throughput" : 60.80975718422811,
    "receivedKBytesPerSec" : 82.15132976964524,
    "sentKBytesPerSec" : 7.838757762029405
  },
  "Total" : {
    "transaction" : "Total",
    "sampleCount" : 32757,
    "errorCount" : 0,
    "errorPct" : 0.0,
    "meanResTime" : 2.523643801324902,
    "minResTime" : 0.0,
    "maxResTime" : 103.0,
    "pct1ResTime" : 4.0,
    "pct2ResTime" : 5.0,
    "pct3ResTime" : 6.0,
    "throughput" : 182.32773015696316,
    "receivedKBytesPerSec" : 183.08497648335745,
    "sentKBytesPerSec" : 31.2188756714071
  },
  "HTTP Request-0" : {
    "transaction" : "HTTP Request-0",
    "sampleCount" : 10919,
    "errorCount" : 0,
    "errorPct" : 0.0,
    "meanResTime" : 2.0702445278871524,
    "minResTime" : 1.0,
    "maxResTime" : 98.0,
    "pct1ResTime" : 3.0,
    "pct2ResTime" : 3.0,
    "pct3ResTime" : 5.0,
    "throughput" : 60.77658662569994,
    "receivedKBytesPerSec" : 9.436989524888956,
    "sentKBytesPerSec" : 7.775129734342474
  },
  "HTTP Request" : {
    "transaction" : "HTTP Request",
    "sampleCount" : 10919,
    "errorCount" : 0,
    "errorPct" : 0.0,
    "meanResTime" : 3.84577342247459,
    "minResTime" : 1.0,
    "maxResTime" : 103.0,
    "pct1ResTime" : 5.0,
    "pct2ResTime" : 6.0,
    "pct3ResTime" : 11.0,
    "throughput" : 60.77591005232105,
    "receivedKBytesPerSec" : 91.54248824167873,
    "sentKBytesPerSec" : 15.60943783570355
  }
}