{
  "HTTP Request-1" : {
    "transaction" : "HTTP Request-1",
    "sampleCount" : 10984,
    "errorCount" : 0,
    "errorPct" : 0.0,
    "meanResTime" : 1.5982337946103398,
    "minResTime" : 0.0,
    "maxResTime" : 50.0,
    "pct1ResTime" : 2.0,
    "pct2ResTime" : 3.0,
    "pct3ResTime" : 4.0,
    "throughput" : 61.22904031394934,
    "receivedKBytesPerSec" : 82.71773219576403,
    "sentKBytesPerSec" : 7.892805977970032
  },
  "Total" : {
    "transaction" : "Total",
    "sampleCount" : 32952,
    "errorCount" : 0,
    "errorPct" : 0.0,
    "meanResTime" : 2.4399732944889596,
    "minResTime" : 0.0,
    "maxResTime" : 127.0,
    "pct1ResTime" : 4.0,
    "pct2ResTime" : 5.0,
    "pct3ResTime" : 6.0,
    "throughput" : 183.5602397557878,
    "receivedKBytesPerSec" : 184.3225434118686,
    "sentKBytesPerSec" : 31.429910843601686
  },
  "HTTP Request-0" : {
    "transaction" : "HTTP Request-0",
    "sampleCount" : 10984,
    "errorCount" : 0,
    "errorPct" : 0.0,
    "meanResTime" : 2.0000000000000044,
    "minResTime" : 1.0,
    "maxResTime" : 121.0,
    "pct1ResTime" : 3.0,
    "pct2ResTime" : 3.0,
    "pct3ResTime" : 5.0,
    "throughput" : 61.18708743001978,
    "receivedKBytesPerSec" : 9.500729395872211,
    "sentKBytesPerSec" : 7.827644973957608
  },
  "HTTP Request" : {
    "transaction" : "HTTP Request",
    "sampleCount" : 10984,
    "errorCount" : 0,
    "errorPct" : 0.0,
    "meanResTime" : 3.721686088856525,
    "minResTime" : 2.0,
    "maxResTime" : 127.0,
    "pct1ResTime" : 5.0,
    "pct2ResTime" : 6.0,
    "pct3ResTime" : 10.0,
    "throughput" : 61.1867465852626,
    "receivedKBytesPerSec" : 92.1612717059343,
    "sentKBytesPerSec" : 15.714955421800843
  }
}